Experience_Range,Location_Name,Role_Name,Employee_Count
"0–1 years",Bangalore,Analyst,28
"0–1 years",Jaipur,Analyst,27
"0–1 years",Pune,Analyst,8
"1–2 years",Bangalore,Analyst,33
"1–2 years",Bangalore,"Senior Analyst",3
"1–2 years",Jaipur,Analyst,26
"1–2 years",Jaipur,"Senior Analyst",3
"1–2 years",Jaipur,"Senior Associate",8
"1–2 years",Pune,Analyst,11
"1–2 years",Pune,"Senior Analyst",1
"2–3 years",Bangalore,Associate,2
"2–3 years",Bangalore,"Senior Analyst",27
"2–3 years",Jaipur,Associate,1
"2–3 years",Jaipur,"Senior Analyst",21
"2–3 years",Pune,Associate,1
"2–3 years",Pune,"Senior Analyst",8
"3–4 years",Bangalore,Associate,9
"3–4 years",Jaipur,Associate,7
"3–4 years",Pune,Associate,3
"4–5 years",Bangalore,Associate,9
"4–5 years",Bangalore,"Senior Associate",3
"4–5 years",Jaipur,Associate,7
"4–5 years",Pune,Associate,2
"4–5 years",Pune,"Senior Associate",1
"5–6 years",Bangalore,"Senior Associate",4
"5–6 years",Pune,"Senior Associate",1
"6–7 years",Bangalore,"Senior Associate",4
"6–7 years",Pune,"Senior Associate",1
"7–8 years",Jaipur,Manager,1
"8–9 years",Bangalore,Manager,1
"8–9 years",Jaipur,Manager,1
"8–9 years",Pune,Manager,1
"9–10 years",Bangalore,Manager,2
