Employee_ID,Name,Years_of_Experience
C001,"Aditi Khanna",1.5
C002,"Pooja Kaur",2.5
C003,"Kajal Mehta",1.5
C004,"Amaya Joshi",0.5
C005,"Bilal Kulkarni",3.5
C006,"Girish Reddy",1.5
C007,"Esha Dhillon",1.5
C008,"Kashi Nair",1.5
C009,"Himanshu Dhillon",2.5
C010,"Hetal Bhatia",2.5
C011,"Anusha Verma",1.5
C012,"Mukta Iyer",1.5
C013,"Hari Menon",0.5
C014,"Jai Menon",6.5
C015,"Kalpana Sharma",1.5
C016,"Leena Verma",1.5
C017,"Arvind Sinha",2.5
C018,"Anshul Gupta",1.5
C019,"Devi Menon",1.5
C020,"Farhan Gupta",1.5
C021,"Rajeshwari Joshi",3.5
C022,"Damodar Kumar",4.5
C023,"Om Sinha",2.5
C024,"Kunal Kaur",0.5
C025,"Nishant Reddy",2.5
C026,"Gowri Iyer",1.5
C027,"Akshita Verma",0.5
C028,"Renu Gupta",5.5
C029,"Mira Verma",0.5
C030,"Chhavi Mehta",4.5
C031,"Manasi Kulkarni",1.5
C032,"Kiran Banerjee",1.5
C033,"Farah Mehta",0.5
C034,"Kala Gupta",0.5
C035,"Aayush Verma",0.5
C036,"Akanksha Mehta",1.5
C037,"Lohit Reddy",1.5
C038,"Jayesh Chowdhury",0.5
C039,"Nirmala Verma",2.5
C040,"Alka Reddy",0.5
C041,"Praveen Joshi",2.5
C042,"Anisha Chowdhury",0.5
C043,"Prema Khanna",3.5
C044,"Pritha Sinha",4.5
C045,"Karthika Joshi",0.5
C046,"Kalyani Patel",0.5
C047,"Bindiya Pillai",4.5
C048,"Annapurna Mehta",0.5
C049,"Niraj Kumar",2.5
C050,"Nila Patel",2.5
C051,"Bhanu Kapoor",2.5
C052,"Deepali Joshi",1.5
C053,"Poornima Mehta",2.5
C054,"Manju Kaur",1.5
C055,"Rajesh Kapoor",4.5
C056,"Kamala Kumar",1.5
C057,"Reena Dhillon",5.5
C058,"Gayathri Kumar",0.5
C059,"Archana Reddy",1.5
C060,"Devang Iyer",1.5
C061,"Rati Rao",5.5
C062,"Bala Verma",2.5
C063,"Atul Bhatia",2.5
C064,"Astha Banerjee",2.5
C065,"Hima Kaur",2.5
C066,"Aarya Reddy",1.5
C067,"Ravi Bhatia",6.5
C068,"Jyoti Kaur",0.5
C069,"Namrata Kulkarni",1.5
C070,"Abhilasha Kapoor",1.5
C071,"Anmol Dhillon",1.5
C072,"Ajit Dhillon",0.5
C073,"Nishita Kapoor",2.5
C074,"Nitesh Nair",2.5
C075,"Arun Iyer",2.5
C076,"Arjun Joshi",1.5
C077,"Nitya Menon",1.5
C078,"Indira Kumar",3.5
C079,"Hrithik Gupta",1.5
C080,"Nalini Sinha",0.5
C081,"Chandni Kaur",2.5
C082,"Avinash Dhillon",2.5
C083,"Inderjit Patel",2.5
C084,"Rani Khanna",8.5
C085,"Akash Gupta",0.5
C086,"Anuj Sharma",0.5
C087,"Punit Bhatia",4.5
C088,"Mehul Kumar",1.5
C089,"Pratyush Kapoor",2.5
C090,"Harshita Chowdhury",2.5
C091,"Bhoomi Menon",2.5
C092,"Manish Chowdhury",1.5
C093,"Lata Sharma",0.5
C094,"Madhuri Nair",0.5
C095,"Poonam Dhillon",2.5
C096,"Anita Banerjee",1.5
C097,"Prem Menon",2.5
C098,"Ranjeet Kulkarni",4.5
C099,"Chinmay Gupta",3.5
C100,"Rahul Kumar",4.5
C101,"Abhijeet Nair",0.5
C102,"Chandan Bhatia",4.5
C103,"Hiral Mehta",2.5
C104,"Barkha Reddy",2.5
C105,"Radhika Sharma",4.5
C106,"Akhil Sharma",1.5
C107,"Ketan Pillai",1.5
C108,"Harini Khanna",1.5
C109,"Jagadish Nair",4.5
C110,"Mohini Joshi",1.5
C111,"Akshay Kumar",1.5
C112,"Isha Singh",3.5
C113,"Abhay Singh",1.5
C114,"Naina Khanna",1.5
C115,"Anil Pillai",1.5
C116,"Neeraj Dhillon",2.5
C117,"Lochana Singh",0.5
C118,"Meena Sharma",1.5
C119,"Nanda Pillai",0.5
C120,"Manisha Banerjee",0.5
C121,"Diya Rao",0.5
C122,"Kirti Rao",0.5
C123,"Malati Khanna",1.5
C124,"Kavya Menon",1.5
C125,"Agni Chowdhury",1.5
C126,"Damini Verma",7.5
C127,"Amitabh Menon",1.5
C128,"Ishita Joshi",4.5
C129,"Drishti Bhatia",1.5
C130,"Jayant Kulkarni",0.5
C131,"Mayank Gupta",0.5
C132,"Rakesh Menon",9.5
C133,"Raj Verma",3.5
C134,"Gita Kapoor",0.5
C135,"Pratibha Verma",1.5
C136,"Jitendra Bhatia",1.5
C137,"Balraj Singh",2.5
C138,"Dhaval Pillai",1.5
C139,"Leela Kumar",0.5
C140,"Ahana Banerjee",0.5
C141,"Mitra Singh",0.5
C142,"Manav Pillai",0.5
C143,"Ashok Chowdhury",1.5
C144,"Anjali Rao",0.5
C145,"Anand Sinha",1.5
C146,"Kamini Singh",1.5
C147,"Pallavi Pillai",2.5
C148,"Kushan Dhillon",1.5
C149,"Mahendra Iyer",1.5
C150,"Rajat Reddy",3.5
C151,"Jigar Rao",0.5
C152,"Nikita Sharma",2.5
C153,"Azad Kumar",1.5
C154,"Hema Banerjee",2.5
C155,"Dhanya Kulkarni",0.5
C156,"Ranjana Sinha",9.5
C157,"Ayush Patel",2.5
C158,"Mohan Kapoor",0.5
C159,"Mukesh Nair",0.5
C160,"Chitrangada Patel",3.5
C161,"Durga Kaur",0.5
C162,"Megha Patel",0.5
C163,"Ayesha Sharma",2.5
C164,"Arnav Nair",2.5
C165,"Gopal Nair",0.5
C166,"Priyanka Chowdhury",3.5
C167,"Divya Banerjee",1.5
C168,"Purva Dhillon",3.5
C169,"Bipin Chowdhury",3.5
C170,"Dhruv Chowdhury",0.5
C171,"Prabhakar Gupta",2.5
C172,"Neha Mehta",2.5
C173,"Rajani Singh",4.5
C174,"Prajwal Kumar",2.5
C175,"Rashmi Chowdhury",6.5
C176,"Gitanjali Joshi",1.5
C177,"Manjari Rao",1.5
C178,"Parvati Rao",2.5
C179,"Aanya Sharma",1.5
C180,"Haritha Kulkarni",2.5
C181,"Pratik Singh",2.5
C182,"Mansi Dhillon",0.5
C183,"Abishek Menon",0.5
C184,"Lalit Gupta",1.5
C185,"Nutan Khanna",2.5
C186,"Arushi Khanna",2.5
C187,"Ravindra Kaur",4.5
C188,"Amrita Khanna",0.5
C189,"Neela Bhatia",2.5
C190,"Rajni Iyer",4.5
C191,"Rajiv Nair",4.5
C192,"Ratan Banerjee",4.5
C193,"Ishani Kapoor",3.5
C194,"Keshav Sinha",1.5
C195,"Priti Kulkarni",3.5
C196,"Karan Reddy",0.5
C197,"Bhavin Joshi",2.5
C198,"Ashish Pillai",2.5
C199,"Ankita Kaur",0.5
C200,"Naresh Rao",1.5
C201,"Raghu Patel",3.5
C202,"Gayatri Verma",1.5
C203,"Indrani Verma",4.5
C204,"Rhea Sharma",6.5
C205,"Anurag Kumar",0.5
C206,"Atharv Rao",2.5
C207,"Rachana Gupta",3.5
C208,"Alok Singh",1.5
C209,"Ishaan Reddy",4.5
C210,"Harsha Pillai",2.5
C211,"Deepa Reddy",1.5
C212,"Priya Pillai",4.5
C213,"Nitin Iyer",2.5
C214,"Lakshmi Mehta",0.5
C215,"Prutha Banerjee",4.5
C216,"Kamal Verma",0.5
C217,"Madhav Kapoor",0.5
C218,"Ankit Bhatia",1.5
C219,"Bijay Khanna",3.5
C220,"Kshitij Bhatia",1.5
C221,"Nandini Chowdhury",1.5
C222,"Ayaan Gupta",2.5
C223,"Pratima Reddy",2.5
C224,"Pankaj Chowdhury",2.5
C225,"Madhu Joshi",1.5
C226,"Mahima Menon",0.5
C227,"Deepika Nair",1.5
C228,"Amit Nair",1.5
C229,"Geetanjali Singh",0.5
C230,"Puneet Rao",3.5
C231,"Kedar Khanna",0.5
C232,"Bhavna Nair",2.5
C233,"Mukul Menon",0.5
C234,"Bikram Sinha",4.5
C235,"Amita Iyer",0.5
C236,"Amar Kapoor",1.5
C237,"Aishwarya Rao",1.5
C238,"Bhavya Iyer",2.5
C239,"Ajeet Kaur",1.5
C240,"Kavita Iyer",0.5
C241,"Preity Iyer",1.5
C242,"Avni Mehta",2.5
C243,"Abhiram Iyer",1.5
C244,"Narain Banerjee",0.5
C245,"Asha Kulkarni",2.5
C246,"Deepak Kapoor",1.5
C247,"Abhinav Joshi",0.5
C248,"Advaita Kulkarni",1.5
C249,"Ananya Kulkarni",0.5
C250,"Hemant Rao",2.5
C251,"Chetan Dhillon",3.5
C252,"Dhairya Khanna",1.5
C253,"Pavan Bhatia",2.5
C254,"Areen Kapoor",0.5
C255,"Kabir Dhillon",0.5
C256,"Parul Banerjee",2.5
C257,"Ila Sharma",2.5
C258,"Manjeet Bhatia",0.5
C259,"Aakash Patel",0.5
C260,"Rekha Mehta",6.5
C261,"Prachi Sharma",2.5
C262,"Rashi Pillai",5.5
C263,"Aditya Sinha",0.5
C264,"Avani Kaur",2.5
C265,"Padma Kulkarni",2.5
C266,"Aarav Gupta",0.5
C267,"Harish Sinha",0.5
C268,"Karthik Kapoor",1.5
C269,"Maruti Mehta",1.5
C270,"Fathima Sharma",0.5
C271,"Nitara Joshi",2.5
C272,"Nikhil Gupta",2.5
C273,"Darshan Singh",8.5
C274,"Purab Kaur",2.5
C275,"Jaya Sinha",1.5
C276,"Jayanti Pillai",1.5
C277,"Gautam Patel",1.5
C278,"Manas Sinha",0.5
C279,"Lavanya Patel",1.5
C280,"Brinda Banerjee",4.5
C281,"Arundhati Menon",2.5
C282,"Advika Pillai",0.5
C283,"Akshara Patel",0.5
C284,"Anuradha Patel",1.5
C285,"Chaitanya Rao",3.5
C286,"Nisha Singh",2.5
C287,"Neelam Kaur",2.5
C288,"Jhanvi Banerjee",1.5
C289,"Aravind Singh",0.5
C290,"Jaidev Khanna",8.5
C291,"Chirag Sharma",4.5
C292,"Dhanush Sinha",1.5
C293,"Mitali Reddy",1.5
C294,"Ketaki Kulkarni",0.5
C295,"Jahnavi Iyer",5.5
C296,"Pradnya Patel",2.5
C297,"Khushi Chowdhury",0.5
C298,"Preethi Nair",2.5
C299,"Pushpa Mehta",4.5
C300,"Ajay Bhatia",0.5
