Employee ID,Name,Role,Location,Years_of_ Experience,L3Q Average Self Rating,L3Q Average Manager Rating,Period_From,Period_To
C001,Aditi Khanna,Analyst,Jaipur,1.5,5,5,03/07/2023,01/01/2025
C002,Pooja Kaur,Senior Analyst,Bangalore,2.5,5,5,03/07/2022,01/01/2025
C003,Kajal Mehta,Analyst,Bangalore,1.5,5,5,03/07/2023,01/01/2025
C004,Amaya Joshi,Analyst,Jaipur,0.5,4,4,02/07/2024,01/01/2025
C005,Bilal Kulkarni,Associate,Jaipur,3.5,4,4,03/07/2021,01/01/2025
C006,Girish Reddy,Analyst,Pune,1.5,4,4,03/07/2023,01/01/2025
C007,Esha Dhillon,Analyst,Pune,1.5,4,4,03/07/2023,01/01/2025
C008,Kashi Nair,Analyst,Bangalore,1.5,5,5,03/07/2023,01/01/2025
C009,Himanshu Dhillon,Senior Analyst,Pune,2.5,4,4,03/07/2022,01/01/2025
C010,Hetal Bhatia,Senior Analyst,Pune,2.5,4,4,03/07/2022,01/01/2025
C011,Anusha Verma,Analyst,Jaipur,1.5,5,5,03/07/2023,01/01/2025
C012,Mukta Iyer,Analyst,Bangalore,1.5,4,4,03/07/2023,01/01/2025
C013,Hari Menon,Analyst,Pune,0.5,5,4,05/06/2024,05/12/2024
C014,Jai Menon,Senior Associate,Pune,6.5,4,4,04/07/2018,01/01/2025
C015,Kalpana Sharma,Analyst,Bangalore,1.5,4,4,03/07/2023,01/01/2025
C016,Leena Verma,Analyst,Bangalore,1.5,4,4,03/07/2023,01/01/2025
C017,Arvind Sinha,Senior Analyst,Jaipur,2.5,4,4,03/07/2022,01/01/2025
C018,Anshul Gupta,Analyst,Jaipur,1.5,5,5,03/07/2023,01/01/2025
C019,Devi Menon,Senior Associate,Jaipur,1.5,4,4,03/07/2023,01/01/2025
C020,Farhan Gupta,Analyst,Pune,1.5,5,5,03/07/2023,01/01/2025
C021,Rajeshwari Joshi,Associate,Bangalore,3.5,4,4,03/07/2021,01/01/2025
C022,Damodar Kumar,Associate,Jaipur,4.5,5,5,03/07/2020,01/01/2025
C023,Om Sinha,Senior Analyst,Bangalore,2.5,5,5,03/07/2022,01/01/2025
C024,Kunal Kaur,Analyst,Bangalore,0.5,5,5,02/07/2024,01/01/2025
C025,Nishant Reddy,Senior Analyst,Bangalore,2.5,4.5,3,14/11/2021,15/05/2024
C026,Gowri Iyer,Analyst,Pune,1.5,4,4,03/07/2023,01/01/2025
C027,Akshita Verma,Analyst,Jaipur,0.5,4,4,02/07/2024,01/01/2025
C028,Renu Gupta,Senior Associate,Bangalore,5.5,4,4,04/07/2019,01/01/2025
C029,Mira Verma,Analyst,Bangalore,0.5,4,4,02/07/2024,01/01/2025
C030,Chhavi Mehta,Associate,Jaipur,4.5,5,5,03/07/2020,01/01/2025
C031,Manasi Kulkarni,Analyst,Bangalore,1.5,5,5,03/07/2023,01/01/2025
C032,Kiran Banerjee,Analyst,Bangalore,1.5,4,3,25/12/2022,25/06/2024
C033,Farah Mehta,Analyst,Pune,0.5,4,3,25/12/2023,25/06/2024
C034,Kala Gupta,Analyst,Bangalore,0.5,4,4,02/07/2024,01/01/2025
C035,Aayush Verma,Analyst,Jaipur,0.5,4,4,02/07/2024,01/01/2025
C036,Akanksha Mehta,Analyst,Jaipur,1.5,4,4,03/07/2023,01/01/2025
C037,Lohit Reddy,Analyst,Bangalore,1.5,5,5,03/07/2023,01/01/2025
C038,Jayesh Chowdhury,Analyst,Bangalore,0.5,5,4,13/11/2023,14/05/2024
C039,Nirmala Verma,Senior Analyst,Bangalore,2.5,4,4,03/07/2022,01/01/2025
C040,Alka Reddy,Analyst,Jaipur,0.5,4,4,02/07/2024,01/01/2025
C041,Praveen Joshi,Senior Analyst,Bangalore,2.5,4,4,03/07/2022,01/01/2025
C042,Anisha Chowdhury,Analyst,Jaipur,0.5,4,4,02/07/2024,01/01/2025
C043,Prema Khanna,Associate,Bangalore,3.5,4,4,03/07/2021,01/01/2025
C044,Pritha Sinha,Associate,Bangalore,4.5,5,5,03/07/2020,01/01/2025
C045,Karthika Joshi,Analyst,Bangalore,0.5,5,4,16/11/2023,17/05/2024
C046,Kalyani Patel,Analyst,Bangalore,0.5,4,3,02/07/2024,01/01/2025
C047,Bindiya Pillai,Associate,Jaipur,4.5,4,4,03/07/2020,01/01/2025
C048,Annapurna Mehta,Analyst,Jaipur,0.5,4,4,02/07/2024,01/01/2025
C049,Niraj Kumar,Senior Analyst,Bangalore,2.5,5,3,07/07/2021,06/01/2024
C050,Nila Patel,Senior Analyst,Bangalore,2.5,5,5,03/07/2022,01/01/2025
C051,Bhanu Kapoor,Senior Analyst,Jaipur,2.5,5,5,03/07/2022,01/01/2025
C052,Deepali Joshi,Senior Associate,Jaipur,1.5,4,4,03/07/2023,01/01/2025
C053,Poornima Mehta,Senior Analyst,Bangalore,2.5,4,4,03/07/2022,01/01/2025
C054,Manju Kaur,Analyst,Bangalore,1.5,4,4,03/07/2023,01/01/2025
C055,Rajesh Kapoor,Associate,Bangalore,4.5,5,5,03/07/2020,01/01/2025
C056,Kamala Kumar,Analyst,Bangalore,1.5,4,4,03/07/2023,01/01/2025
C057,Reena Dhillon,Senior Associate,Bangalore,5.5,5,5,04/07/2019,01/01/2025
C058,Gayathri Kumar,Analyst,Pune,0.5,5,4,25/12/2023,25/06/2024
C059,Archana Reddy,Analyst,Jaipur,1.5,5,5,03/07/2023,01/01/2025
C060,Devang Iyer,Senior Associate,Jaipur,1.5,5,5,03/07/2023,01/01/2025
C061,Rati Rao,Senior Associate,Bangalore,5.5,4,4,04/07/2019,01/01/2025
C062,Bala Verma,Senior Analyst,Jaipur,2.5,4,4,03/07/2022,01/01/2025
C063,Atul Bhatia,Senior Analyst,Jaipur,2.5,4,4,03/07/2022,01/01/2025
C064,Astha Banerjee,Senior Analyst,Jaipur,2.5,5,5,03/07/2022,01/01/2025
C065,Hima Kaur,Senior Analyst,Pune,2.5,4,4,03/07/2022,01/01/2025
C066,Aarya Reddy,Analyst,Jaipur,1.5,4,4,03/07/2023,01/01/2025
C067,Ravi Bhatia,Senior Associate,Bangalore,6.5,5,5,04/07/2018,01/01/2025
C068,Jyoti Kaur,Analyst,Bangalore,0.5,5,5,02/07/2024,01/01/2025
C069,Namrata Kulkarni,Analyst,Bangalore,1.5,4,4,03/07/2023,01/01/2025
C070,Abhilasha Kapoor,Analyst,Jaipur,1.5,4,4,03/07/2023,01/01/2025
C071,Anmol Dhillon,Analyst,Jaipur,1.5,5,5,03/07/2023,01/01/2025
C072,Ajit Dhillon,Analyst,Jaipur,0.5,5,5,02/07/2024,01/01/2025
C073,Nishita Kapoor,Senior Analyst,Bangalore,2.5,4,3,25/12/2021,25/06/2024
C074,Nitesh Nair,Senior Analyst,Bangalore,2.5,4,4,03/07/2022,01/01/2025
C075,Arun Iyer,Senior Analyst,Jaipur,2.5,4,4,03/07/2022,01/01/2025
C076,Arjun Joshi,Senior Analyst,Jaipur,1.5,4,4,03/07/2023,01/01/2025
C077,Nitya Menon,Senior Analyst,Bangalore,1.5,4,4,03/07/2023,01/01/2025
C078,Indira Kumar,Associate,Pune,3.5,5,5,03/07/2021,01/01/2025
C079,Hrithik Gupta,Senior Analyst,Pune,1.5,4,4,03/07/2023,01/01/2025
C080,Nalini Sinha,Analyst,Bangalore,0.5,5,5,02/07/2024,01/01/2025
C081,Chandni Kaur,Associate,Jaipur,2.5,4,3,25/12/2021,25/06/2024
C082,Avinash Dhillon,Senior Analyst,Jaipur,2.5,4,4,03/07/2022,01/01/2025
C083,Inderjit Patel,Associate,Pune,2.5,4,4,03/07/2022,01/01/2025
C084,Rani Khanna,Manager,Bangalore,8.5,4,4,04/07/2016,01/01/2025
C085,Akash Gupta,Analyst,Jaipur,0.5,4,4,02/07/2024,01/01/2025
C086,Anuj Sharma,Analyst,Jaipur,0.5,5,5,02/07/2024,01/01/2025
C087,Punit Bhatia,Associate,Bangalore,4.5,5,3,09/07/2019,07/01/2024
C088,Mehul Kumar,Analyst,Bangalore,1.5,5,5,03/07/2023,01/01/2025
C089,Pratyush Kapoor,Senior Analyst,Bangalore,2.5,4,4,03/07/2022,01/01/2025
C090,Harshita Chowdhury,Senior Analyst,Pune,2.5,4,4,03/07/2022,01/01/2025
C091,Bhoomi Menon,Associate,Jaipur,2.5,4,4,03/07/2022,01/01/2025
C092,Manish Chowdhury,Analyst,Bangalore,1.5,4,4,03/07/2023,01/01/2025
C093,Lata Sharma,Analyst,Bangalore,0.5,4,4,02/07/2024,01/01/2025
C094,Madhuri Nair,Analyst,Bangalore,0.5,4,4,02/07/2024,01/01/2025
C095,Poonam Dhillon,Senior Analyst,Bangalore,2.5,5,3,08/07/2021,07/01/2024
C096,Anita Banerjee,Analyst,Jaipur,1.5,5,5,03/07/2023,01/01/2025
C097,Prem Menon,Associate,Bangalore,2.5,4,4,03/07/2022,01/01/2025
C098,Ranjeet Kulkarni,Senior Associate,Bangalore,4.5,5,5,03/07/2020,01/01/2025
C099,Chinmay Gupta,Associate,Jaipur,3.5,5,5,03/07/2021,01/01/2025
C100,Rahul Kumar,Associate,Bangalore,4.5,4,4,03/07/2020,01/01/2025
C101,Abhijeet Nair,Analyst,Jaipur,0.5,5,5,02/07/2024,01/01/2025
C102,Chandan Bhatia,Associate,Jaipur,4.5,5,5,03/07/2020,01/01/2025
C103,Hiral Mehta,Senior Analyst,Pune,2.5,4,3,07/07/2021,06/01/2024
C104,Barkha Reddy,Senior Analyst,Jaipur,2.5,4,4,03/07/2022,01/01/2025
C105,Radhika Sharma,Associate,Bangalore,4.5,4,4,03/07/2020,01/01/2025
C106,Akhil Sharma,Analyst,Jaipur,1.5,4,4,03/07/2023,01/01/2025
C107,Ketan Pillai,Analyst,Bangalore,1.5,4,3,06/06/2023,05/12/2024
C108,Harini Khanna,Analyst,Pune,1.5,4,4,03/07/2023,01/01/2025
C109,Jagadish Nair,Senior Associate,Pune,4.5,4,4,03/07/2020,01/01/2025
C110,Mohini Joshi,Analyst,Bangalore,1.5,5,5,03/07/2023,01/01/2025
C111,Akshay Kumar,Analyst,Jaipur,1.5,5,5,03/07/2023,01/01/2025
C112,Isha Singh,Associate,Pune,3.5,5,5,03/07/2021,01/01/2025
C113,Abhay Singh,Analyst,Jaipur,1.5,4,4,03/07/2023,01/01/2025
C114,Naina Khanna,Analyst,Bangalore,1.5,5,5,03/07/2023,01/01/2025
C115,Anil Pillai,Analyst,Jaipur,1.5,4,4,03/07/2023,01/01/2025
C116,Neeraj Dhillon,Senior Analyst,Bangalore,2.5,4,4,03/07/2022,01/01/2025
C117,Lochana Singh,Analyst,Bangalore,0.5,4,4,02/07/2024,01/01/2025
C118,Meena Sharma,Analyst,Bangalore,1.5,5,5,03/07/2023,01/01/2025
C119,Nanda Pillai,Analyst,Bangalore,0.5,4,4,02/07/2024,01/01/2025
C120,Manisha Banerjee,Analyst,Bangalore,0.5,4,4,02/07/2024,01/01/2025
C121,Diya Rao,Analyst,Pune,0.5,4,4,02/07/2024,01/01/2025
C122,Kirti Rao,Analyst,Bangalore,0.5,5,4,08/07/2023,07/01/2024
C123,Malati Khanna,Analyst,Bangalore,1.5,4,4,03/07/2023,01/01/2025
C124,Kavya Menon,Analyst,Bangalore,1.5,5,3,25/12/2022,25/06/2024
C125,Agni Chowdhury,Analyst,Jaipur,1.5,4,4,03/07/2023,01/01/2025
C126,Damini Verma,Manager,Jaipur,7.5,4,4,04/07/2017,01/01/2025
C127,Amitabh Menon,Analyst,Jaipur,1.5,5,5,03/07/2023,01/01/2025
C128,Ishita Joshi,Associate,Pune,4.5,5,5,03/07/2020,01/01/2025
C129,Drishti Bhatia,Analyst,Pune,1.5,5,5,03/07/2023,01/01/2025
C130,Jayant Kulkarni,Analyst,Bangalore,0.5,5,5,02/07/2024,01/01/2025
C131,Mayank Gupta,Analyst,Bangalore,0.5,5,5,02/07/2024,01/01/2025
C132,Rakesh Menon,Manager,Bangalore,9.5,4,4,05/07/2015,01/01/2025
C133,Raj Verma,Associate,Bangalore,3.5,4,4,03/07/2021,01/01/2025
C134,Gita Kapoor,Analyst,Pune,0.5,5,4,25/12/2023,25/06/2024
C135,Pratibha Verma,Senior Analyst,Bangalore,1.5,4,4,03/07/2023,01/01/2025
C136,Jitendra Bhatia,Analyst,Bangalore,1.5,5,5,03/07/2023,01/01/2025
C137,Balraj Singh,Senior Analyst,Jaipur,2.5,4,3,06/06/2022,05/12/2024
C138,Dhaval Pillai,Analyst,Pune,1.5,4,4,03/07/2023,01/01/2025
C139,Leela Kumar,Analyst,Bangalore,0.5,5,4,08/07/2023,07/01/2024
C140,Ahana Banerjee,Analyst,Jaipur,0.5,5,5,02/07/2024,01/01/2025
C141,Mitra Singh,Analyst,Bangalore,0.5,4,4,02/07/2024,01/01/2025
C142,Manav Pillai,Analyst,Bangalore,0.5,4,4,02/07/2024,01/01/2025
C143,Ashok Chowdhury,Senior Analyst,Jaipur,1.5,5,5,03/07/2023,01/01/2025
C144,Anjali Rao,Analyst,Jaipur,0.5,5,5,02/07/2024,01/01/2025
C145,Anand Sinha,Analyst,Jaipur,1.5,5,5,03/07/2023,01/01/2025
C146,Kamini Singh,Analyst,Bangalore,1.5,4,4,03/07/2023,01/01/2025
C147,Pallavi Pillai,Senior Analyst,Bangalore,2.5,5,5,03/07/2022,01/01/2025
C148,Kushan Dhillon,Analyst,Bangalore,1.5,4,4,03/07/2023,01/01/2025
C149,Mahendra Iyer,Analyst,Bangalore,1.5,4,4,03/07/2023,01/01/2025
C150,Rajat Reddy,Associate,Bangalore,3.5,4,4,03/07/2021,01/01/2025
C151,Jigar Rao,Analyst,Bangalore,0.5,4,4,02/07/2024,01/01/2025
C152,Nikita Sharma,Senior Analyst,Bangalore,2.5,5,3.5,07/07/2021,06/01/2024
C153,Azad Kumar,Senior Analyst,Jaipur,1.5,5,5,03/07/2023,01/01/2025
C154,Hema Banerjee,Senior Analyst,Pune,2.5,4,4,03/07/2022,01/01/2025
C155,Dhanya Kulkarni,Analyst,Pune,0.5,4,4,02/07/2024,01/01/2025
C156,Ranjana Sinha,Manager,Bangalore,9.5,4,4,05/07/2015,01/01/2025
C157,Ayush Patel,Senior Analyst,Jaipur,2.5,5,5,03/07/2022,01/01/2025
C158,Mohan Kapoor,Analyst,Bangalore,0.5,5,5,02/07/2024,01/01/2025
C159,Mukesh Nair,Analyst,Bangalore,0.5,5,4,05/06/2024,05/12/2024
C160,Chitrangada Patel,Associate,Jaipur,3.5,5,5,03/07/2021,01/01/2025
C161,Durga Kaur,Analyst,Pune,0.5,5,5,02/07/2024,01/01/2025
C162,Megha Patel,Analyst,Bangalore,0.5,4,4,02/07/2024,01/01/2025
C163,Ayesha Sharma,Senior Analyst,Jaipur,2.5,4,4,03/07/2022,01/01/2025
C164,Arnav Nair,Senior Analyst,Jaipur,2.5,5,5,03/07/2022,01/01/2025
C165,Gopal Nair,Analyst,Pune,0.5,4,4,02/07/2024,01/01/2025
C166,Priyanka Chowdhury,Associate,Bangalore,3.5,4,4,03/07/2021,01/01/2025
C167,Divya Banerjee,Analyst,Pune,1.5,5,5,03/07/2023,01/01/2025
C168,Purva Dhillon,Associate,Bangalore,3.5,5,5,03/07/2021,01/01/2025
C169,Bipin Chowdhury,Associate,Jaipur,3.5,4,4,03/07/2021,01/01/2025
C170,Dhruv Chowdhury,Analyst,Pune,0.5,5,5,02/07/2024,01/01/2025
C171,Prabhakar Gupta,Senior Analyst,Bangalore,2.5,4,4,03/07/2022,01/01/2025
C172,Neha Mehta,Senior Analyst,Bangalore,2.5,4,4,03/07/2022,01/01/2025
C173,Rajani Singh,Associate,Bangalore,4.5,4,4,03/07/2020,01/01/2025
C174,Prajwal Kumar,Senior Analyst,Bangalore,2.5,4,4,03/07/2022,01/01/2025
C175,Rashmi Chowdhury,Senior Associate,Bangalore,6.5,5,5,04/07/2018,01/01/2025
C176,Gitanjali Joshi,Analyst,Pune,1.5,4,4,03/07/2023,01/01/2025
C177,Manjari Rao,Analyst,Bangalore,1.5,4,4,03/07/2023,01/01/2025
C178,Parvati Rao,Senior Analyst,Bangalore,2.5,4,4,03/07/2022,01/01/2025
C179,Aanya Sharma,Analyst,Jaipur,1.5,4,4,03/07/2023,01/01/2025
C180,Haritha Kulkarni,Senior Analyst,Pune,2.5,5,5,03/07/2022,01/01/2025
C181,Pratik Singh,Senior Analyst,Bangalore,2.5,4,4,03/07/2022,01/01/2025
C182,Mansi Dhillon,Analyst,Bangalore,0.5,4,3,08/07/2023,07/01/2024
C183,Abishek Menon,Analyst,Jaipur,0.5,4,4,02/07/2024,01/01/2025
C184,Lalit Gupta,Analyst,Bangalore,1.5,5,5,03/07/2023,01/01/2025
C185,Nutan Khanna,Senior Analyst,Bangalore,2.5,5,3.5,06/06/2022,05/12/2024
C186,Arushi Khanna,Senior Analyst,Jaipur,2.5,4,4,03/07/2022,01/01/2025
C187,Ravindra Kaur,Senior Associate,Bangalore,4.5,5,5,03/07/2020,01/01/2025
C188,Amrita Khanna,Analyst,Jaipur,0.5,5,5,02/07/2024,01/01/2025
C189,Neela Bhatia,Senior Analyst,Bangalore,2.5,5,5,03/07/2022,01/01/2025
C190,Rajni Iyer,Associate,Bangalore,4.5,4,3,09/07/2019,07/01/2024
C191,Rajiv Nair,Associate,Bangalore,4.5,5,5,03/07/2020,01/01/2025
C192,Ratan Banerjee,Senior Associate,Bangalore,4.5,5,5,03/07/2020,01/01/2025
C193,Ishani Kapoor,Associate,Pune,3.5,5,5,03/07/2021,01/01/2025
C194,Keshav Sinha,Analyst,Bangalore,1.5,5,3,16/11/2022,17/05/2024
C195,Priti Kulkarni,Associate,Bangalore,3.5,5,5,03/07/2021,01/01/2025
C196,Karan Reddy,Analyst,Bangalore,0.5,4,4,02/07/2024,01/01/2025
C197,Bhavin Joshi,Senior Analyst,Jaipur,2.5,4,4,03/07/2022,01/01/2025
C198,Ashish Pillai,Senior Analyst,Jaipur,2.5,5,5,03/07/2022,01/01/2025
C199,Ankita Kaur,Analyst,Jaipur,0.5,4,4,02/07/2024,01/01/2025
C200,Naresh Rao,Analyst,Bangalore,1.5,5,5,03/07/2023,01/01/2025
C201,Raghu Patel,Associate,Bangalore,3.5,4,4,03/07/2021,01/01/2025
C202,Gayatri Verma,Analyst,Pune,1.5,5,5,03/07/2023,01/01/2025
C203,Indrani Verma,Associate,Pune,4.5,5,3,06/06/2020,05/12/2024
C204,Rhea Sharma,Senior Associate,Bangalore,6.5,5,5,04/07/2018,01/01/2025
C205,Anurag Kumar,Analyst,Jaipur,0.5,4,4,02/07/2024,01/01/2025
C206,Atharv Rao,Senior Analyst,Jaipur,2.5,4,3,08/07/2021,07/01/2024
C207,Rachana Gupta,Associate,Bangalore,3.5,5,2,08/07/2020,07/01/2024
C208,Alok Singh,Analyst,Jaipur,1.5,4,4,03/07/2023,01/01/2025
C209,Ishaan Reddy,Associate,Pune,4.5,5,5,03/07/2020,01/01/2025
C210,Harsha Pillai,Senior Analyst,Pune,2.5,5,3,06/06/2022,05/12/2024
C211,Deepa Reddy,Senior Associate,Jaipur,1.5,5,5,03/07/2023,01/01/2025
C212,Priya Pillai,Associate,Bangalore,4.5,5,5,03/07/2020,01/01/2025
C213,Nitin Iyer,Senior Analyst,Bangalore,2.5,4,4,03/07/2022,01/01/2025
C214,Lakshmi Mehta,Analyst,Bangalore,0.5,4,4,02/07/2024,01/01/2025
C215,Prutha Banerjee,Associate,Bangalore,4.5,5,5,03/07/2020,01/01/2025
C216,Kamal Verma,Analyst,Bangalore,0.5,5,5,02/07/2024,01/01/2025
C217,Madhav Kapoor,Analyst,Bangalore,0.5,5,5,02/07/2024,01/01/2025
C218,Ankit Bhatia,Analyst,Jaipur,1.5,4,4,03/07/2023,01/01/2025
C219,Bijay Khanna,Associate,Jaipur,3.5,5,5,03/07/2021,01/01/2025
C220,Kshitij Bhatia,Analyst,Bangalore,1.5,5,5,03/07/2023,01/01/2025
C221,Nandini Chowdhury,Analyst,Bangalore,1.5,5,5,03/07/2023,01/01/2025
C222,Ayaan Gupta,Senior Analyst,Jaipur,2.5,5,5,03/07/2022,01/01/2025
C223,Pratima Reddy,Senior Analyst,Bangalore,2.5,5,3.5,06/06/2022,05/12/2024
C224,Pankaj Chowdhury,Senior Analyst,Bangalore,2.5,5,5,03/07/2022,01/01/2025
C225,Madhu Joshi,Analyst,Bangalore,1.5,5,5,03/07/2023,01/01/2025
C226,Mahima Menon,Analyst,Bangalore,0.5,4,4,02/07/2024,01/01/2025
C227,Deepika Nair,Senior Associate,Jaipur,1.5,5,5,03/07/2023,01/01/2025
C228,Amit Nair,Analyst,Jaipur,1.5,4,4,03/07/2023,01/01/2025
C229,Geetanjali Singh,Analyst,Pune,0.5,4,4,02/07/2024,01/01/2025
C230,Puneet Rao,Associate,Bangalore,3.5,5,5,03/07/2021,01/01/2025
C231,Kedar Khanna,Analyst,Bangalore,0.5,4,4,02/07/2024,01/01/2025
C232,Bhavna Nair,Senior Analyst,Jaipur,2.5,5,5,03/07/2022,01/01/2025
C233,Mukul Menon,Analyst,Bangalore,0.5,4,4,02/07/2024,01/01/2025
C234,Bikram Sinha,Associate,Jaipur,4.5,4,4,03/07/2020,01/01/2025
C235,Amita Iyer,Analyst,Jaipur,0.5,4,4,02/07/2024,01/01/2025
C236,Amar Kapoor,Analyst,Jaipur,1.5,4,4,03/07/2023,01/01/2025
C237,Aishwarya Rao,Analyst,Jaipur,1.5,4,4,03/07/2023,01/01/2025
C238,Bhavya Iyer,Senior Analyst,Jaipur,2.5,4,4,03/07/2022,01/01/2025
C239,Ajeet Kaur,Analyst,Jaipur,1.5,4,4,03/07/2023,01/01/2025
C240,Kavita Iyer,Analyst,Bangalore,0.5,5,5,02/07/2024,01/01/2025
C241,Preity Iyer,Senior Analyst,Bangalore,1.5,4,4,03/07/2023,01/01/2025
C242,Avni Mehta,Senior Analyst,Jaipur,2.5,4,4,03/07/2022,01/01/2025
C243,Abhiram Iyer,Analyst,Jaipur,1.5,4,4,03/07/2023,01/01/2025
C244,Narain Banerjee,Analyst,Bangalore,0.5,4,3,08/07/2023,07/01/2024
C245,Asha Kulkarni,Senior Analyst,Jaipur,2.5,5,5,03/07/2022,01/01/2025
C246,Deepak Kapoor,Senior Associate,Jaipur,1.5,4,4,03/07/2023,01/01/2025
C247,Abhinav Joshi,Analyst,Jaipur,0.5,4,4,02/07/2024,01/01/2025
C248,Advaita Kulkarni,Analyst,Jaipur,1.5,4,4,03/07/2023,01/01/2025
C249,Ananya Kulkarni,Analyst,Jaipur,0.5,4,4,02/07/2024,01/01/2025
C250,Hemant Rao,Senior Analyst,Pune,2.5,4,4,03/07/2022,01/01/2025
C251,Chetan Dhillon,Associate,Jaipur,3.5,5,5,03/07/2021,01/01/2025
C252,Dhairya Khanna,Senior Associate,Jaipur,1.5,4,4,03/07/2023,01/01/2025
C253,Pavan Bhatia,Senior Analyst,Bangalore,2.5,4,3,16/11/2021,17/05/2024
C254,Areen Kapoor,Analyst,Jaipur,0.5,4,4,02/07/2024,01/01/2025
C255,Kabir Dhillon,Analyst,Bangalore,0.5,4,3,16/11/2023,17/05/2024
C256,Parul Banerjee,Senior Analyst,Bangalore,2.5,4,4,03/07/2022,01/01/2025
C257,Ila Sharma,Senior Analyst,Pune,2.5,5,5,03/07/2022,01/01/2025
C258,Manjeet Bhatia,Analyst,Bangalore,0.5,5,5,02/07/2024,01/01/2025
C259,Aakash Patel,Analyst,Jaipur,0.5,5,5,02/07/2024,01/01/2025
C260,Rekha Mehta,Senior Associate,Bangalore,6.5,4,4,04/07/2018,01/01/2025
C261,Prachi Sharma,Senior Analyst,Bangalore,2.5,4,4,03/07/2022,01/01/2025
C262,Rashi Pillai,Senior Associate,Bangalore,5.5,4,4,04/07/2019,01/01/2025
C263,Aditya Sinha,Analyst,Jaipur,0.5,5,5,02/07/2024,01/01/2025
C264,Avani Kaur,Senior Analyst,Jaipur,2.5,5,5,03/07/2022,01/01/2025
C265,Padma Kulkarni,Senior Analyst,Bangalore,2.5,4,4,03/07/2022,01/01/2025
C266,Aarav Gupta,Analyst,Jaipur,0.5,5,5,02/07/2024,01/01/2025
C267,Harish Sinha,Analyst,Pune,0.5,4,4,02/07/2024,01/01/2025
C268,Karthik Kapoor,Analyst,Bangalore,1.5,5,5,03/07/2023,01/01/2025
C269,Maruti Mehta,Analyst,Bangalore,1.5,4,4,03/07/2023,01/01/2025
C270,Fathima Sharma,Analyst,Pune,0.5,4,4,02/07/2024,01/01/2025
C271,Nitara Joshi,Senior Analyst,Bangalore,2.5,4,4,03/07/2022,01/01/2025
C272,Nikhil Gupta,Senior Analyst,Bangalore,2.5,5,5,03/07/2022,01/01/2025
C273,Darshan Singh,Manager,Jaipur,8.5,4,4,04/07/2016,01/01/2025
C274,Purab Kaur,Associate,Bangalore,2.5,5,5,03/07/2022,01/01/2025
C275,Jaya Sinha,Analyst,Bangalore,1.5,5,5,03/07/2023,01/01/2025
C276,Jayanti Pillai,Analyst,Bangalore,1.5,4,4,03/07/2023,01/01/2025
C277,Gautam Patel,Analyst,Pune,1.5,5,5,03/07/2023,01/01/2025
C278,Manas Sinha,Analyst,Bangalore,0.5,4,3,16/11/2023,17/05/2024
C279,Lavanya Patel,Analyst,Bangalore,1.5,5,5,03/07/2023,01/01/2025
C280,Brinda Banerjee,Associate,Jaipur,4.5,5,5,03/07/2020,01/01/2025
C281,Arundhati Menon,Senior Analyst,Jaipur,2.5,5,5,03/07/2022,01/01/2025
C282,Advika Pillai,Analyst,Jaipur,0.5,4,4,02/07/2024,01/01/2025
C283,Akshara Patel,Analyst,Jaipur,0.5,5,5,02/07/2024,01/01/2025
C284,Anuradha Patel,Analyst,Jaipur,1.5,5,5,03/07/2023,01/01/2025
C285,Chaitanya Rao,Associate,Jaipur,3.5,5,5,03/07/2021,01/01/2025
C286,Nisha Singh,Senior Analyst,Bangalore,2.5,5,5,03/07/2022,01/01/2025
C287,Neelam Kaur,Senior Analyst,Bangalore,2.5,5,5,03/07/2022,01/01/2025
C288,Jhanvi Banerjee,Analyst,Bangalore,1.5,4,4,03/07/2023,01/01/2025
C289,Aravind Singh,Analyst,Jaipur,0.5,4,4,02/07/2024,01/01/2025
C290,Jaidev Khanna,Manager,Pune,8.5,5,5,04/07/2016,01/01/2025
C291,Chirag Sharma,Associate,Jaipur,4.5,4,4,03/07/2020,01/01/2025
C292,Dhanush Sinha,Senior Associate,Jaipur,1.5,5,5,03/07/2023,01/01/2025
C293,Mitali Reddy,Analyst,Bangalore,1.5,4,4,03/07/2023,01/01/2025
C294,Ketaki Kulkarni,Analyst,Bangalore,0.5,5,5,02/07/2024,01/01/2025
C295,Jahnavi Iyer,Senior Associate,Pune,5.5,5,5,04/07/2019,01/01/2025
C296,Pradnya Patel,Senior Analyst,Bangalore,2.5,5,5,03/07/2022,01/01/2025
C297,Khushi Chowdhury,Analyst,Bangalore,0.5,4,4,02/07/2024,01/01/2025
C298,Preethi Nair,Senior Analyst,Bangalore,2.5,4,4,03/07/2022,01/01/2025
C299,Pushpa Mehta,Associate,Bangalore,4.5,4,4,03/07/2020,01/01/2025
C300,Ajay Bhatia,Analyst,Jaipur,0.5,5,5,02/07/2024,01/01/2025
