Employee_Name,Role_Name,Location_Name,Current_Compensation,Updated_Compensation_10pct
"Pooja Kaur","Senior Analyst",Bangalore,798703,878573.30
"Kajal Mehta",Analyst,Bangalore,663851,730236.10
"Kashi Nair",Analyst,Bangalore,655787,721365.70
"Mukta Iyer",Analyst,Bangalore,680229,748251.90
"Kalpana Sharma",Analyst,Bangalore,669692,736661.20
"Leena Verma",Analyst,Bangalore,677168,744884.80
"Rajeshwari Joshi",Associate,Bangalore,1180331,1298364.10
"Om Sinha","Senior Analyst",Bangalore,846412,931053.20
"Kunal Kaur",Analyst,Bangalore,570000,627000.00
"Renu Gupta","Senior Associate",Bangalore,2291090,2520199.00
"Mira Verma",Analyst,Bangalore,570000,627000.00
"Manasi Kulkarni",Analyst,Bangalore,673339,740672.90
"Kala Gupta",Analyst,Bangalore,570000,627000.00
"Lohit Reddy",Analyst,Bangalore,683759,752134.90
"Nirmala Verma","Senior Analyst",Bangalore,839893,923882.30
"Praveen Joshi","Senior Analyst",Bangalore,839782,923760.20
"Prema Khanna",Associate,Bangalore,1254653,1380118.30
"Pritha Sinha",Associate,Bangalore,1336002,1469602.20
"Nila Patel","Senior Analyst",Bangalore,748140,822954.00
"Poornima Mehta","Senior Analyst",Bangalore,738224,812046.40
"Manju Kaur",Analyst,Bangalore,663969,730365.90
"Rajesh Kapoor",Associate,Bangalore,1264754,1391229.40
"Kamala Kumar",Analyst,Bangalore,669187,736105.70
"Reena Dhillon","Senior Associate",Bangalore,2452003,2697203.30
"Rati Rao","Senior Associate",Bangalore,1915774,2107351.40
"Ravi Bhatia","Senior Associate",Bangalore,2007027,2207729.70
"Jyoti Kaur",Analyst,Bangalore,570000,627000.00
"Namrata Kulkarni",Analyst,Bangalore,694768,764244.80
"Nitesh Nair","Senior Analyst",Bangalore,806381,887019.10
"Nitya Menon","Senior Analyst",Bangalore,789598,868557.80
"Nalini Sinha",Analyst,Bangalore,570000,627000.00
"Rani Khanna",Manager,Bangalore,3079338,3387271.80
"Mehul Kumar",Analyst,Bangalore,679372,747309.20
"Pratyush Kapoor","Senior Analyst",Bangalore,882835,971118.50
"Manish Chowdhury",Analyst,Bangalore,666771,733448.10
"Lata Sharma",Analyst,Bangalore,570000,627000.00
"Madhuri Nair",Analyst,Bangalore,570000,627000.00
"Prem Menon",Associate,Bangalore,1161030,1277133.00
"Ranjeet Kulkarni","Senior Associate",Bangalore,1744115,1918526.50
"Rahul Kumar",Associate,Bangalore,1107472,1218219.20
"Radhika Sharma",Associate,Bangalore,1038994,1142893.40
"Mohini Joshi",Analyst,Bangalore,675832,743415.20
"Naina Khanna",Analyst,Bangalore,657556,723311.60
"Neeraj Dhillon","Senior Analyst",Bangalore,827191,909910.10
"Lochana Singh",Analyst,Bangalore,570000,627000.00
"Meena Sharma",Analyst,Bangalore,650999,716098.90
"Nanda Pillai",Analyst,Bangalore,570000,627000.00
"Manisha Banerjee",Analyst,Bangalore,570000,627000.00
"Malati Khanna",Analyst,Bangalore,689746,758720.60
"Jayant Kulkarni",Analyst,Bangalore,570000,627000.00
"Mayank Gupta",Analyst,Bangalore,570000,627000.00
"Rakesh Menon",Manager,Bangalore,3287201,3615921.10
"Raj Verma",Associate,Bangalore,1479593,1627552.30
"Pratibha Verma","Senior Analyst",Bangalore,866178,952795.80
"Jitendra Bhatia",Analyst,Bangalore,693467,762813.70
"Mitra Singh",Analyst,Bangalore,570000,627000.00
"Manav Pillai",Analyst,Bangalore,570000,627000.00
"Kamini Singh",Analyst,Bangalore,671736,738909.60
"Pallavi Pillai","Senior Analyst",Bangalore,823585,905943.50
"Kushan Dhillon",Analyst,Bangalore,699616,769577.60
"Mahendra Iyer",Analyst,Bangalore,693026,762328.60
"Rajat Reddy",Associate,Bangalore,1580928,1739020.80
"Jigar Rao",Analyst,Bangalore,570000,627000.00
"Ranjana Sinha",Manager,Bangalore,2586435,2845078.50
"Mohan Kapoor",Analyst,Bangalore,570000,627000.00
"Megha Patel",Analyst,Bangalore,570000,627000.00
"Priyanka Chowdhury",Associate,Bangalore,1370487,1507535.70
"Purva Dhillon",Associate,Bangalore,1022523,1124775.30
"Prabhakar Gupta","Senior Analyst",Bangalore,878914,966805.40
"Neha Mehta","Senior Analyst",Bangalore,803203,883523.30
"Rajani Singh",Associate,Bangalore,1550000,1705000.00
"Prajwal Kumar","Senior Analyst",Bangalore,798506,878356.60
"Rashmi Chowdhury","Senior Associate",Bangalore,2415447,2656991.70
"Manjari Rao",Analyst,Bangalore,685966,754562.60
"Parvati Rao","Senior Analyst",Bangalore,766540,843194.00
"Pratik Singh","Senior Analyst",Bangalore,894749,984223.90
"Lalit Gupta",Analyst,Bangalore,688925,757817.50
"Ravindra Kaur","Senior Associate",Bangalore,2084629,2293091.90
"Neela Bhatia","Senior Analyst",Bangalore,781187,859305.70
"Rajiv Nair",Associate,Bangalore,1364647,1501111.70
"Ratan Banerjee","Senior Associate",Bangalore,2078123,2285935.30
"Priti Kulkarni",Associate,Bangalore,1171667,1288833.70
"Karan Reddy",Analyst,Bangalore,570000,627000.00
"Naresh Rao",Analyst,Bangalore,669647,736611.70
"Raghu Patel",Associate,Bangalore,1279950,1407945.00
"Rhea Sharma","Senior Associate",Bangalore,1884348,2072782.80
"Priya Pillai",Associate,Bangalore,1423630,1565993.00
"Nitin Iyer","Senior Analyst",Bangalore,822884,905172.40
"Lakshmi Mehta",Analyst,Bangalore,570000,627000.00
"Prutha Banerjee",Associate,Bangalore,1130975,1244072.50
"Kamal Verma",Analyst,Bangalore,570000,627000.00
"Madhav Kapoor",Analyst,Bangalore,570000,627000.00
"Kshitij Bhatia",Analyst,Bangalore,698795,768674.50
"Nandini Chowdhury",Analyst,Bangalore,673115,740426.50
"Pankaj Chowdhury","Senior Analyst",Bangalore,885800,974380.00
"Madhu Joshi",Analyst,Bangalore,681109,749219.90
"Mahima Menon",Analyst,Bangalore,570000,627000.00
"Puneet Rao",Associate,Bangalore,1502831,1653114.10
"Kedar Khanna",Analyst,Bangalore,570000,627000.00
"Mukul Menon",Analyst,Bangalore,570000,627000.00
"Kavita Iyer",Analyst,Bangalore,570000,627000.00
"Preity Iyer","Senior Analyst",Bangalore,749271,824198.10
"Parul Banerjee","Senior Analyst",Bangalore,753470,828817.00
"Manjeet Bhatia",Analyst,Bangalore,570000,627000.00
"Rekha Mehta","Senior Associate",Bangalore,2121197,2333316.70
"Prachi Sharma","Senior Analyst",Bangalore,816659,898324.90
"Rashi Pillai","Senior Associate",Bangalore,2295146,2524660.60
"Padma Kulkarni","Senior Analyst",Bangalore,879923,967915.30
"Karthik Kapoor",Analyst,Bangalore,660243,726267.30
"Maruti Mehta",Analyst,Bangalore,693416,762757.60
"Nitara Joshi","Senior Analyst",Bangalore,754564,830020.40
"Nikhil Gupta","Senior Analyst",Bangalore,856722,942394.20
"Purab Kaur",Associate,Bangalore,1137127,1250839.70
"Jaya Sinha",Analyst,Bangalore,657432,723175.20
"Jayanti Pillai",Analyst,Bangalore,672615,739876.50
"Lavanya Patel",Analyst,Bangalore,659554,725509.40
"Nisha Singh","Senior Analyst",Bangalore,842589,926847.90
"Neelam Kaur","Senior Analyst",Bangalore,771600,848760.00
"Jhanvi Banerjee",Analyst,Bangalore,689961,758957.10
"Mitali Reddy",Analyst,Bangalore,664724,731196.40
"Ketaki Kulkarni",Analyst,Bangalore,570000,627000.00
"Pradnya Patel","Senior Analyst",Bangalore,882632,970895.20
"Khushi Chowdhury",Analyst,Bangalore,570000,627000.00
"Preethi Nair","Senior Analyst",Bangalore,828900,911790.00
"Pushpa Mehta",Associate,Bangalore,1030381,1133419.10
"Aditi Khanna",Analyst,Jaipur,653874,719261.40
"Amaya Joshi",Analyst,Jaipur,570000,627000.00
"Bilal Kulkarni",Associate,Jaipur,976125,1073737.50
"Anusha Verma",Analyst,Jaipur,693712,763083.20
"Arvind Sinha","Senior Analyst",Jaipur,734868,808354.80
"Anshul Gupta",Analyst,Jaipur,667001,733701.10
"Devi Menon","Senior Associate",Jaipur,1714061,1885467.10
"Damodar Kumar",Associate,Jaipur,910994,1002093.40
"Akshita Verma",Analyst,Jaipur,570000,627000.00
"Chhavi Mehta",Associate,Jaipur,1032250,1135475.00
"Aayush Verma",Analyst,Jaipur,570000,627000.00
"Akanksha Mehta",Analyst,Jaipur,695543,765097.30
"Alka Reddy",Analyst,Jaipur,570000,627000.00
"Anisha Chowdhury",Analyst,Jaipur,570000,627000.00
"Bindiya Pillai",Associate,Jaipur,1098051,1207856.10
"Annapurna Mehta",Analyst,Jaipur,570000,627000.00
"Bhanu Kapoor","Senior Analyst",Jaipur,842482,926730.20
"Deepali Joshi","Senior Associate",Jaipur,1324502,1456952.20
"Archana Reddy",Analyst,Jaipur,656199,721818.90
"Devang Iyer","Senior Associate",Jaipur,1869885,2056873.50
"Bala Verma","Senior Analyst",Jaipur,787635,866398.50
"Atul Bhatia","Senior Analyst",Jaipur,764485,840933.50
"Astha Banerjee","Senior Analyst",Jaipur,810920,892012.00
"Aarya Reddy",Analyst,Jaipur,668855,735740.50
"Abhilasha Kapoor",Analyst,Jaipur,658651,724516.10
"Anmol Dhillon",Analyst,Jaipur,682058,750263.80
"Ajit Dhillon",Analyst,Jaipur,570000,627000.00
"Arun Iyer","Senior Analyst",Jaipur,813200,894520.00
"Arjun Joshi","Senior Analyst",Jaipur,723808,796188.80
"Avinash Dhillon","Senior Analyst",Jaipur,765357,841892.70
"Akash Gupta",Analyst,Jaipur,570000,627000.00
"Anuj Sharma",Analyst,Jaipur,570000,627000.00
"Bhoomi Menon",Associate,Jaipur,974829,1072311.90
"Anita Banerjee",Analyst,Jaipur,674629,742091.90
"Chinmay Gupta",Associate,Jaipur,968562,1065418.20
"Abhijeet Nair",Analyst,Jaipur,570000,627000.00
"Chandan Bhatia",Associate,Jaipur,1096816,1206497.60
"Barkha Reddy","Senior Analyst",Jaipur,784515,862966.50
"Akhil Sharma",Analyst,Jaipur,661872,728059.20
"Akshay Kumar",Analyst,Jaipur,677326,745058.60
"Abhay Singh",Analyst,Jaipur,667696,734465.60
"Anil Pillai",Analyst,Jaipur,666688,733356.80
"Agni Chowdhury",Analyst,Jaipur,668447,735291.70
"Damini Verma",Manager,Jaipur,2910548,3201602.80
"Amitabh Menon",Analyst,Jaipur,695121,764633.10
"Ahana Banerjee",Analyst,Jaipur,570000,627000.00
"Ashok Chowdhury","Senior Analyst",Jaipur,831898,915087.80
"Anjali Rao",Analyst,Jaipur,570000,627000.00
"Anand Sinha",Analyst,Jaipur,675379,742916.90
"Azad Kumar","Senior Analyst",Jaipur,874157,961572.70
"Ayush Patel","Senior Analyst",Jaipur,860479,946526.90
"Chitrangada Patel",Associate,Jaipur,1023034,1125337.40
"Ayesha Sharma","Senior Analyst",Jaipur,797979,877776.90
"Arnav Nair","Senior Analyst",Jaipur,759937,835930.70
"Bipin Chowdhury",Associate,Jaipur,950310,1045341.00
"Aanya Sharma",Analyst,Jaipur,684097,752506.70
"Abishek Menon",Analyst,Jaipur,570000,627000.00
"Arushi Khanna","Senior Analyst",Jaipur,731274,804401.40
"Amrita Khanna",Analyst,Jaipur,570000,627000.00
"Bhavin Joshi","Senior Analyst",Jaipur,800808,880888.80
"Ashish Pillai","Senior Analyst",Jaipur,808913,889804.30
"Ankita Kaur",Analyst,Jaipur,570000,627000.00
"Anurag Kumar",Analyst,Jaipur,570000,627000.00
"Alok Singh",Analyst,Jaipur,679088,746996.80
"Deepa Reddy","Senior Associate",Jaipur,1324502,1456952.20
"Ankit Bhatia",Analyst,Jaipur,682722,750994.20
"Bijay Khanna",Associate,Jaipur,958924,1054816.40
"Ayaan Gupta","Senior Analyst",Jaipur,874505,961955.50
"Deepika Nair","Senior Associate",Jaipur,1542655,1696920.50
"Amit Nair",Analyst,Jaipur,669794,736773.40
"Bhavna Nair","Senior Analyst",Jaipur,881213,969334.30
"Bikram Sinha",Associate,Jaipur,1020947,1123041.70
"Amita Iyer",Analyst,Jaipur,570000,627000.00
"Amar Kapoor",Analyst,Jaipur,687204,755924.40
"Aishwarya Rao",Analyst,Jaipur,696134,765747.40
"Bhavya Iyer","Senior Analyst",Jaipur,807821,888603.10
"Ajeet Kaur",Analyst,Jaipur,652519,717770.90
"Avni Mehta","Senior Analyst",Jaipur,813458,894803.80
"Abhiram Iyer",Analyst,Jaipur,695357,764892.70
"Asha Kulkarni","Senior Analyst",Jaipur,808047,888851.70
"Deepak Kapoor","Senior Associate",Jaipur,1714061,1885467.10
"Abhinav Joshi",Analyst,Jaipur,570000,627000.00
"Advaita Kulkarni",Analyst,Jaipur,694539,763992.90
"Ananya Kulkarni",Analyst,Jaipur,570000,627000.00
"Chetan Dhillon",Associate,Jaipur,917419,1009160.90
"Dhairya Khanna","Senior Associate",Jaipur,1402414,1542655.40
"Areen Kapoor",Analyst,Jaipur,570000,627000.00
"Aakash Patel",Analyst,Jaipur,570000,627000.00
"Aditya Sinha",Analyst,Jaipur,570000,627000.00
"Avani Kaur","Senior Analyst",Jaipur,813559,894914.90
"Aarav Gupta",Analyst,Jaipur,570000,627000.00
"Darshan Singh",Manager,Jaipur,3039209,3343129.90
"Brinda Banerjee",Associate,Jaipur,1019658,1121623.80
"Arundhati Menon","Senior Analyst",Jaipur,841886,926074.60
"Advika Pillai",Analyst,Jaipur,570000,627000.00
"Akshara Patel",Analyst,Jaipur,570000,627000.00
"Anuradha Patel",Analyst,Jaipur,654800,720280.00
"Chaitanya Rao",Associate,Jaipur,1031403,1134543.30
"Aravind Singh",Analyst,Jaipur,570000,627000.00
"Chirag Sharma",Associate,Jaipur,1007064,1107770.40
"Dhanush Sinha","Senior Associate",Jaipur,1402414,1542655.40
"Ajay Bhatia",Analyst,Jaipur,570000,627000.00
"Girish Reddy",Analyst,Pune,670531,737584.10
"Esha Dhillon",Analyst,Pune,652076,717283.60
"Himanshu Dhillon","Senior Analyst",Pune,895396,984935.60
"Hetal Bhatia","Senior Analyst",Pune,820895,902984.50
"Jai Menon","Senior Associate",Pune,1704253,1874678.30
"Farhan Gupta",Analyst,Pune,665610,732171.00
"Gowri Iyer",Analyst,Pune,696236,765859.60
"Hima Kaur","Senior Analyst",Pune,823326,905658.60
"Indira Kumar",Associate,Pune,907115,997826.50
"Hrithik Gupta","Senior Analyst",Pune,886891,975580.10
"Inderjit Patel",Associate,Pune,991402,1090542.20
"Harshita Chowdhury","Senior Analyst",Pune,844734,929207.40
"Harini Khanna",Analyst,Pune,679122,747034.20
"Jagadish Nair","Senior Associate",Pune,2119272,2331199.20
"Isha Singh",Associate,Pune,999847,1099831.70
"Diya Rao",Analyst,Pune,570000,627000.00
"Ishita Joshi",Associate,Pune,990176,1089193.60
"Drishti Bhatia",Analyst,Pune,665297,731826.70
"Dhaval Pillai",Analyst,Pune,688026,756828.60
"Hema Banerjee","Senior Analyst",Pune,837838,921621.80
"Dhanya Kulkarni",Analyst,Pune,570000,627000.00
"Durga Kaur",Analyst,Pune,570000,627000.00
"Gopal Nair",Analyst,Pune,570000,627000.00
"Divya Banerjee",Analyst,Pune,694789,764267.90
"Dhruv Chowdhury",Analyst,Pune,570000,627000.00
"Gitanjali Joshi",Analyst,Pune,662617,728878.70
"Haritha Kulkarni","Senior Analyst",Pune,874620,962082.00
"Ishani Kapoor",Associate,Pune,1011693,1112862.30
"Gayatri Verma",Analyst,Pune,667714,734485.40
"Ishaan Reddy",Associate,Pune,901372,991509.20
"Geetanjali Singh",Analyst,Pune,570000,627000.00
"Hemant Rao","Senior Analyst",Pune,732142,805356.20
"Ila Sharma","Senior Analyst",Pune,805979,886576.90
"Harish Sinha",Analyst,Pune,570000,627000.00
"Fathima Sharma",Analyst,Pune,570000,627000.00
"Gautam Patel",Analyst,Pune,686097,754706.70
"Jaidev Khanna",Manager,Pune,2945176,3239693.60
"Jahnavi Iyer","Senior Associate",Pune,1729701,1902671.10
